{"loss": [0.252422034740448, 0.16376906633377075, 0.08268649131059647, 0.04706593230366707, 0.02590935304760933, 0.01715000905096531, 0.011877233162522316, 0.006883841473609209, 0.004518404137343168, 0.013758137822151184], "accuracy": [0.9290076494216919, 0.9445292353630066, 0.9730280041694641, 0.9867684245109558, 0.9944020509719849, 0.9956743121147156, 0.9977099299430847, 0.9987277388572693, 0.998218834400177, 0.9951654076576233], "val_loss": [0.24538955092430115, 0.16380979120731354, 0.17837680876255035, 0.159786194562912, 0.1820470690727234, 0.16781306266784668, 0.2192128449678421, 0.22377857565879822, 0.19897906482219696, 0.21089524030685425], "val_accuracy": [0.9226856827735901, 0.9379450678825378, 0.9338759183883667, 0.9491353034973145, 0.9450660943984985, 0.9511699080467224, 0.950152575969696, 0.9491353034973145, 0.9450660943984985, 0.9481180310249329]}